{"horizontal_lines": [[[0, 399.6103896103891], [1, 399.6103896103891]], [[0, 647.9058441558436], [1, 647.9058441558436]]], "vertical_lines": [[[464.31854838709677, 0], [464.31854838709677, 1]], [[810.5282258064515, 0], [810.5282258064515, 1]]], "h_vals_def": [7.201708834756559, 7.176672908234812], "v_vals_def": [4.754512105106183, 4.74659968035766]}