{"horizontal_lines": [[[0, 410.42911255411263], [1, 410.42911255411263]]], "vertical_lines": [[[640.5201612903222, 0], [640.5201612903222, 1]]], "h_vals_def": [7.517], "v_vals_def": [5.013]}